timestamp,object_x,error,turn_vel,left_setpoint,right_setpoint,object_found,robot_x,robot_y,robot_theta
0.020213,0,0,0,0,0,0,0,0,0
0.0401119,0,0,0,0,0,0,0,0,0
0.0600935,0,0,0,0,0,0,0,0,0
0.0801495,0,0,0,0,0,0,0,0,0
0.427764,0,0,0,0,0,0,0,0,0
0.427942,0,0,0,0,0,0,0,0,0
0.440118,0,0,0,0,0,0,0,0,0
0.460107,0,0,0,0,0,0,0,0,0
0.480156,0,0,0,0,0,0,0,0,0
0.500107,0,0,0,0,0,0,0,0,0
0.520071,0,0,0,0,0,0,0,0,0
0.540111,0,0,0,0,0,0,0,0,0
0.560069,0,0,0,0,0,0,0,0,0
0.580074,0,0,0,0,0,0,0,0,0
0.600077,0,0,0,0,0,0,0,0,0
0.62007,0,0,0,0,0,0,0,0,0
0.640074,0,0,0,0,0,0,0,0,0
0.660086,0,0,0,0,0,0,0,0,0
0.680078,0,0,0,0,0,0,0,0,0
0.700067,0,0,0,0,0,0,0,0,0
0.720067,0,0,0,0,0,0,0,0,0
0.740068,0,0,0,0,0,0,0,0,0
0.760057,0,0,0,0,0,0,0,0,0
0.780075,0,0,0,0,0,0,0,0,0
0.800099,0,0,0,0,0,0,0,0,0
0.820076,0,0,0,0,0,0,0,0,0
0.840062,0,0,0,0,0,0,0,0,0
0.860111,0,0,0,0,0,0,0,0,0
0.880056,0,0,0,0,0,0,0,0,0
0.900072,0,0,0,0,0,0,0,0,0
0.920058,0,0,0,0,0,0,0,0,0
0.940085,0,0,0,0,0,0,0,0,0
0.96007,0,0,0,0,0,0,0,0,0
0.980089,0,0,0,0,0,0,0,0,0
1.00008,0,0,0,0,0,0,0,0,0
1.02007,0,0,0,0,0,0,0,0,0
1.04016,0,0,0,0,0,0,0,0,0
1.06021,0,0,0,0,0,0,0,0,0
1.08015,0,0,0,0,0,0,0,0,0
1.10016,0,0,0,0,0,0,0,0,0
1.12013,0,0,0,0,0,0,0,0,0
1.14011,0,0,0,0,0,0,0,0,0
1.1601,0,0,0,0,0,0,0,0,0
1.1801,0,0,0,0,0,0,0,0,0
1.20008,0,0,0,0,0,0,0,0,0
1.22009,0,0,0,0,0,0,0,0,0
1.24011,0,0,0,0,0,0,0,0,0
1.26009,0,0,0,0,0,0,0,0,0
1.28008,0,0,0,0,0,0,0,0,0
1.3001,0,0,0,0,0,0,0,0,0
1.32006,0,0,0,0,0,0,0,0,0
1.34017,0,0,0,0,0,0,0,0,0
1.36008,0,0,0,0,0,0,0,0,0
1.38007,0,0,0,0,0,0,0,0,0
1.4001,0,0,0,0,0,0,0,0,0
1.42008,0,0,0,0,0,0,0,0,0
1.44011,0,0,0,0,0,0,0,0,0
1.4601,0,0,0,0,0,0,0,0,0
1.48007,0,0,0,0,0,0,0,0,0
1.5001,0,0,0,0,0,0,0,0,0
1.52011,0,0,0,0,0,0,0,0,0
1.54012,0,0,0,0,0,0,0,0,0
1.56007,0,0,0,0,0,0,0,0,0
1.58011,0,0,0,0,0,0,0,0,0
1.60008,0,0,0,0,0,0,0,0,0
1.62012,0,0,0,0,0,0,0,0,0
1.64013,0,0,0,0,0,0,0,0,0
1.66008,143.747,0,0,-2,2,1,0,0,0
1.68007,143.747,0,0,-2,2,1,0.000304128,0,0
1.70019,143.747,0,0,-2,2,1,0.00129273,0,0
1.72009,159.028,0,0,-2,2,1,0.00250267,0,0
1.74014,159.028,0,0,-2,2,1,0.00395372,0,0
1.76008,161.041,0,0,-2,2,1,0.00550093,0,0
1.78007,161.041,0,0,-2,2,1,0.00709932,0,0
1.80008,161.041,0,0,-2,2,1,0.00881099,0,0
1.8201,161.964,0,0,-2,2,1,0.0103651,0,0
1.84013,161.964,0,0,-2,2,1,0.0120129,0,0
1.86011,161.964,0,0,-2,2,1,0.0136649,0,0
1.88017,157.07,0,0,-2,2,1,0.015319,0,0
1.90007,157.07,0,0,-2,2,1,0.0170615,0,0
1.92006,157.07,0,0,-2,2,1,0.0186303,0,0
1.94009,155.242,0,0,-2,2,1,0.0202866,0,0
1.9601,155.242,0,0,-2,2,1,0.021943,0,0
1.98015,155.242,0,0,-2,2,1,0.0235995,0,0
2.00007,154.783,0,0,-2,2,1,0.0253433,0,0
2.02013,154.783,0,0,-2,2,1,0.0269127,0,0
2.04012,152.152,0,0,-2,2,1,0.0285694,0,0
2.0601,152.152,0,0,-2,2,1,0.030226,0,0
2.08012,152.152,0,0,-2,2,1,0.0318826,0,0
2.10007,146.392,0,0,-2,2,1,0.0336265,0,0
2.12009,146.392,0,0,-2,2,1,0.0351959,0,0
2.14009,146.392,0,0,-2,2,1,0.0368526,0,0
2.16007,144.152,0,0,-2,2,1,0.0385092,0,0
2.18006,144.152,0,0,-2,2,1,0.0401658,0,0
2.20007,144.152,0,0,-2,2,1,0.0419097,0,0
2.22006,142.484,0,0,-2,2,1,0.0434791,0,0
2.24011,142.484,0,0,-2,2,1,0.0451358,0,0
2.26007,143.73,0,0,-2,2,1,0.0467924,0,0
2.28015,143.73,0,0,-2,2,1,0.048449,0,0
2.30008,143.73,0,0,-2,2,1,0.0501929,0,0
2.32006,145.3,0,0,-2,2,1,0.0517623,0,0
2.34011,145.3,0,0,-2,2,1,0.053419,0,0
2.36009,145.3,0,0,-2,2,1,0.0550756,0,0
2.38006,141.795,0,0,-2,2,1,0.0567323,0,0
2.40007,141.795,0,0,-2,2,1,0.0584761,0,0
2.42008,141.795,0,0,-2,2,1,0.0600455,0,0
2.44011,137.225,22.7755,0.455509,-1.54449,1.54449,1,0.0617022,0,0
2.46007,137.225,22.7755,0.455509,-1.54449,1.54449,1,0.0631999,0,0
2.48008,137.225,22.7755,0.455509,-1.54449,1.54449,1,0.064616,0,0
2.50007,131.859,28.1412,0.562824,-1.43718,1.43718,1,0.0660059,0,0
2.52006,131.859,28.1412,0.562824,-1.43718,1.43718,1,0.0671923,-1.40212e-07,2.87449e-06
2.54012,128.736,31.2643,0.625286,-1.37471,1.37471,1,0.0683806,-3.79663e-07,6.13864e-06
2.5601,128.736,31.2643,0.625286,-1.37471,1.37471,1,0.0695219,-5.45812e-07,8.97484e-06
2.58006,128.736,31.2643,0.625286,-1.37471,1.37471,1,0.0706215,-6.82463e-07,1.14156e-05
2.60011,128.481,31.5187,0.630373,-1.36963,1.36963,1,0.0717547,-8.03673e-07,1.3616e-05
2.62006,128.481,31.5187,0.630373,-1.36963,1.36963,1,0.0727625,-8.93844e-07,1.53201e-05
2.64012,128.481,31.5187,0.630373,-1.36963,1.36963,1,0.0738183,-9.72334e-07,1.68746e-05
2.66012,129.688,30.312,0.60624,-1.39376,1.39376,1,0.0748697,-1.03608e-06,1.82124e-05
2.6801,129.688,30.312,0.60624,-1.39376,1.39376,1,0.075923,-1.08703e-06,1.93638e-05
2.70007,129.688,30.312,0.60624,-1.39376,1.39376,1,0.0770399,-1.12866e-06,2.04029e-05
2.72008,131.903,28.0966,0.561932,-1.43807,1.43807,1,0.078049,-1.15711e-06,2.12077e-05
2.74011,131.903,28.0966,0.561932,-1.43807,1.43807,1,0.0791241,-1.17901e-06,2.19417e-05
2.76006,131.903,28.0966,0.561932,-1.43807,1.43807,1,0.0802165,-1.19351e-06,2.25734e-05
2.78006,134.599,25.4009,0.508017,-1.49198,1.49198,1,0.0813185,-1.20174e-06,2.31172e-05
2.80006,134.599,25.4009,0.508017,-1.49198,1.49198,1,0.0824945,-1.20442e-06,2.36079e-05
2.82007,137.124,22.8757,0.457514,-1.54249,1.54249,1,0.0835739,-1.20208e-06,2.3988e-05
2.8401,137.124,22.8757,0.457514,-1.54249,1.54249,1,0.0847349,-1.19533e-06,2.43347e-05
2.86007,137.124,22.8757,0.457514,-1.54249,1.54249,1,0.0859205,-1.18463e-06,2.46331e-05
2.88007,138.07,21.9302,0.438605,-1.5614,1.5614,1,0.0871193,-1.17073e-06,2.48899e-05
2.90009,138.07,21.9302,0.438605,-1.5614,1.5614,1,0.0883925,-1.15314e-06,2.51218e-05
2.92014,138.07,21.9302,0.438605,-1.5614,1.5614,1,0.0896126,-1.13397e-06,2.53106e-05
2.94012,138.249,21.751,0.435019,-1.56498,1.56498,1,0.0908383,-1.11283e-06,2.54731e-05
2.96007,138.249,21.751,0.435019,-1.56498,1.56498,1,0.0920677,-1.09002e-06,2.56131e-05
2.98008,138.249,21.751,0.435019,-1.56498,1.56498,1,0.0932998,-1.06579e-06,2.57335e-05
3.00007,137.327,22.673,0.45346,-1.54654,1.54654,1,0.0945986,-1.03898e-06,2.58422e-05
3.02006,137.327,22.673,0.45346,-1.54654,1.54654,1,0.0957649,-1.01396e-06,2.59264e-05
3.04012,136.46,23.5397,0.470794,-1.52921,1.52921,1,0.0969899,-9.86871e-07,2.60032e-05
3.06007,136.46,23.5397,0.470794,-1.52921,1.52921,1,0.0982084,-9.59208e-07,2.60693e-05
3.08007,136.46,23.5397,0.470794,-1.52921,1.52921,1,0.0994187,-9.31118e-07,2.61262e-05
3.10006,135.897,24.1027,0.482054,-1.51795,1.51795,1,0.100688,-9.0108e-07,2.61776e-05
3.12006,135.897,24.1027,0.482054,-1.51795,1.51795,1,0.101889,-8.7218e-07,2.62195e-05
3.14011,135.897,24.1027,0.482054,-1.51795,1.51795,1,0.103085,-8.43013e-07,2.62555e-05
3.16006,136.19,23.8099,0.476198,-1.5238,1.5238,1,0.104278,-8.13571e-07,2.62865e-05
3.18009,136.19,23.8099,0.476198,-1.5238,1.5238,1,0.105471,-7.83842e-07,2.63131e-05
3.20006,136.19,23.8099,0.476198,-1.5238,1.5238,1,0.106728,-7.52233e-07,2.63372e-05
3.22006,138.937,21.0625,0.421251,-1.57875,1.57875,1,0.10786,-7.23557e-07,2.63559e-05
3.2401,138.937,21.0625,0.421251,-1.57875,1.57875,1,0.109065,-6.13838e-07,2.48069e-05
3.26007,138.937,21.0625,0.421251,-1.57875,1.57875,1,0.110291,-4.61878e-07,2.31628e-05
3.28006,142.727,0,0,-2,2,1,0.111528,-3.46566e-07,2.17342e-05
3.30009,142.727,0,0,-2,2,1,0.112919,-2.3901e-07,2.04454e-05
3.32007,147.673,0,0,-2,2,1,0.114319,-1.49687e-07,1.9448e-05
3.3401,147.673,0,0,-2,2,1,0.115878,-6.41171e-08,1.85377e-05
3.36008,147.673,0,0,-2,2,1,0.117483,1.31475e-08,1.77538e-05
3.38007,154.033,0,0,-2,2,1,0.119112,8.298e-08,1.70788e-05
3.40009,154.033,0,0,-2,2,1,0.120841,1.49411e-07,1.64693e-05
3.42016,154.033,0,0,-2,2,1,0.122403,2.03778e-07,1.5997e-05
3.44011,161.658,0,0,-2,2,1,0.124056,2.5633e-07,1.5566e-05
3.46005,161.658,0,0,-2,2,1,0.12571,3.04572e-07,1.51948e-05
3.48007,161.658,0,0,-2,2,1,0.127366,3.49093e-07,1.48751e-05
3.50009,169.74,0,0,-2,2,1,0.129109,3.92497e-07,1.45865e-05
3.52006,169.74,0,0,-2,2,1,0.130591,4.26981e-07,1.43744e-05
3.54012,169.74,0,0,-2,2,1,0.132247,4.63256e-07,1.41687e-05
3.56071,176.64,0,0,-2,2,1,0.133817,4.95708e-07,1.40002e-05
3.58007,176.64,0,0,-2,2,1,0.135473,5.28217e-07,1.38465e-05
3.60012,182.361,-22.3613,-0.447226,-2.44723,2.44723,1,0.137217,5.60768e-07,1.37076e-05
3.62011,182.361,-22.3613,-0.447226,-2.44723,2.44723,1,0.138857,5.89767e-07,1.36e-05
3.64011,182.361,-22.3613,-0.447226,-2.44723,2.44723,1,0.14075,6.21449e-07,1.35018e-05
3.66007,187.241,-27.2409,-0.544817,-2.54482,2.54482,1,0.142735,6.53364e-07,1.34172e-05
3.68007,187.241,-27.2409,-0.544817,-2.54482,2.54482,1,0.144676,6.83604e-07,1.33479e-05
3.70007,187.241,-27.2409,-0.544817,-2.54482,2.54482,1,0.146899,7.17274e-07,1.32816e-05
3.72009,192.164,-32.1637,-0.643275,-2.64327,2.64327,1,0.148932,7.47379e-07,1.32301e-05
3.74012,192.164,-32.1637,-0.643275,-2.64327,2.64327,1,0.150997,7.77391e-07,1.31854e-05
3.76025,192.164,-32.1637,-0.643275,-2.64327,2.64327,1,0.153221,8.09182e-07,1.31447e-05
3.78008,196.76,-36.7597,-0.735195,-2.73519,2.73519,1,0.155472,8.4088e-07,1.31095e-05
3.80028,196.76,-36.7597,-0.735195,-2.73519,2.73519,1,0.157875,8.74302e-07,1.30778e-05
3.82008,200.783,-40.7834,-0.815669,-2.81567,2.81567,1,0.160076,9.04569e-07,1.30531e-05
3.84011,200.783,-40.7834,-0.815669,-2.81567,2.81567,1,0.162433,9.36684e-07,1.30307e-05
3.86008,200.783,-40.7834,-0.815669,-2.81567,2.81567,1,0.164831,9.69095e-07,1.30113e-05
3.88009,205.341,-45.3407,-0.906813,-2.90681,2.90681,1,0.167251,1.00159e-06,1.29946e-05
3.90007,205.341,-45.3407,-0.906813,-2.90681,2.90681,1,0.1697,1.03428e-06,1.29802e-05
3.92009,205.341,-45.3407,-0.906813,-2.90681,2.90681,1,0.172057,1.06558e-06,1.29684e-05
3.94022,209.855,-49.8554,-0.997107,-2.99711,2.99711,1,0.174566,1.09877e-06,1.29576e-05
3.96035,209.855,-49.8554,-0.997107,-2.99711,2.99711,1,0.177103,1.13221e-06,1.29484e-05
3.98015,213.6,-53.5997,-1.07199,-3.07199,3.07199,1,0.179679,1.16605e-06,1.29404e-05
4.00007,213.6,-53.5997,-1.07199,-3.07199,3.07199,1,0.182429,1.20206e-06,1.29331e-05
4.02007,213.6,-53.5997,-1.07199,-3.07199,3.07199,1,0.18494,1.23487e-06,1.29275e-05
4.04082,217.159,-57.159,-1.14318,-3.14318,3.14318,1,0.187611,1.26971e-06,1.29224e-05
4.06006,217.159,-57.159,-1.14318,-3.14318,3.14318,1,0.190305,1.30479e-06,1.2918e-05
4.08007,217.159,-57.159,-1.14318,-3.14318,3.14318,1,0.193032,1.34024e-06,1.29142e-05
4.10007,220.455,-60.4549,-1.2091,-3.2091,3.2091,1,0.19592,1.37774e-06,1.29107e-05
4.12006,220.455,-60.4549,-1.2091,-3.2091,3.2091,1,0.198539,1.41171e-06,1.29081e-05
4.14078,220.455,-60.4549,-1.2091,-3.2091,3.2091,1,0.201184,1.44599e-06,1.29057e-05
4.16008,224.246,-64.2461,-1.28492,-3.28492,3.28492,1,0.203992,1.48236e-06,1.29036e-05
4.18005,224.246,-64.2461,-1.28492,-3.28492,3.28492,1,0.206822,1.519e-06,1.29018e-05
4.20007,227.904,-67.904,-1.35808,-3.35808,3.35808,1,0.209837,1.55798e-06,1.29001e-05
4.22084,227.904,-67.904,-1.35808,-3.35808,3.35808,1,0.212579,1.59344e-06,1.28989e-05
4.24014,227.904,-67.904,-1.35808,-3.35808,3.35808,1,0.215508,1.6313e-06,1.28977e-05
4.26007,233.327,-73.3271,-1.46654,-3.46654,3.46654,1,0.218458,1.66939e-06,1.28967e-05
4.28007,233.327,-73.3271,-1.46654,-3.46654,3.46654,1,0.221437,1.70786e-06,1.28958e-05
4.30007,233.327,-73.3271,-1.46654,-3.46654,3.46654,1,0.22462,1.74897e-06,1.2895e-05
4.32008,239.171,-79.1706,-1.58341,-3.58341,3.58341,1,0.227509,1.78626e-06,1.28944e-05
4.34011,239.171,-79.1706,-1.58341,-3.58341,3.58341,1,0.230591,1.82603e-06,1.28939e-05
4.36006,239.171,-79.1706,-1.58341,-3.58341,3.58341,1,0.233723,1.86644e-06,1.28934e-05
4.38007,243.771,-83.7711,-1.67542,-3.67542,3.67542,1,0.236882,1.9072e-06,1.2893e-05
4.40007,243.771,-83.7711,-1.67542,-3.67542,3.67542,1,0.240243,1.95055e-06,1.28926e-05
4.42007,243.771,-83.7711,-1.67542,-3.67542,3.67542,1,0.243306,1.99006e-06,1.28923e-05
4.44011,247.865,-87.8649,-1.7573,-3.7573,3.7573,1,0.24656,2.03202e-06,1.2892e-05
4.46007,247.865,-87.8649,-1.7573,-3.7573,3.7573,1,0.24984,2.07432e-06,1.28918e-05
4.48007,251.545,-91.5451,-1.8309,-3.8309,3.8309,1,0.252981,2.11483e-06,1.28916e-05
4.50006,251.545,-91.5451,-1.8309,-3.8309,3.8309,1,0.256329,2.158e-06,1.28914e-05
4.52034,251.545,-91.5451,-1.8309,-3.8309,3.8309,1,0.259714,2.20165e-06,1.28913e-05
4.54011,256.027,-96.0266,-1.92053,-3.92053,3.92053,1,0.26312,2.24557e-06,1.28912e-05
4.56007,256.027,-96.0266,-1.92053,-3.92053,3.92053,1,0.266553,2.28982e-06,1.2891e-05
4.58012,256.027,-96.0266,-1.92053,-3.92053,3.92053,1,0.270024,2.33458e-06,1.2891e-05
4.60007,261.497,-101.497,-2.02994,-4.02994,4.02994,1,0.2737,2.38197e-06,1.28909e-05
4.62006,261.497,-101.497,-2.02994,-4.02994,4.02994,1,0.277039,2.42501e-06,1.28908e-05
4.64012,266.288,-106.288,-2.12576,-4.12576,4.12576,1,0.280607,2.47102e-06,1.28907e-05
4.66007,266.288,-106.288,-2.12576,-4.12576,4.12576,1,0.284218,2.51756e-06,1.28907e-05
4.68008,266.288,-106.288,-2.12576,-4.12576,4.12576,1,0.287877,2.56473e-06,1.28906e-05
4.7001,270.633,-110.633,-2.21267,-4.21267,4.21267,1,0.291756,2.61474e-06,1.28906e-05
4.72007,270.633,-110.633,-2.21267,-4.21267,4.21267,1,0.295272,2.66007e-06,1.28906e-05
4.74012,270.633,-110.633,-2.21267,-4.21267,4.21267,1,0.299023,2.70842e-06,1.28905e-05
4.7601,273.439,-113.439,-2.26878,-4.26878,4.26878,1,0.302796,2.75706e-06,1.28905e-05
4.78007,273.439,-113.439,-2.26878,-4.26878,4.26878,1,0.306592,2.88557e-06,1.12902e-05
4.80011,273.439,-113.439,-2.26878,-4.26878,4.26878,1,0.310616,3.05936e-06,9.50753e-06
4.82006,275.536,-115.536,-2.31072,-4.31072,4.31072,1,0.314251,3.17652e-06,8.11039e-06
4.84012,275.536,-115.536,-2.31072,-4.31072,4.31072,1,0.318102,3.28263e-06,6.83353e-06
4.86008,275.536,-115.536,-2.31072,-4.31072,4.31072,1,0.321973,3.37459e-06,5.73272e-06
4.88006,277.778,-117.778,-2.35556,-4.35556,4.35556,1,0.325854,3.4533e-06,4.78268e-06
4.90007,277.778,-117.778,-2.35556,-4.35556,4.35556,1,0.329955,3.52387e-06,3.92289e-06
4.92009,279.169,-119.169,-2.38337,-4.38337,4.38337,1,0.333457,3.57533e-06,3.28993e-06
4.94014,279.169,-119.169,-2.38337,-4.38337,4.38337,1,0.337387,3.62479e-06,2.67454e-06
4.96005,279.169,-119.169,-2.38337,-4.38337,4.38337,1,0.341332,3.66687e-06,2.14345e-06
4.98008,279.487,-119.487,-2.38974,-4.38974,4.38974,1,0.345287,3.70255e-06,1.6851e-06
5.00005,279.487,-119.487,-2.38974,-4.38974,4.38974,1,0.349455,3.73415e-06,1.27028e-06
5.02006,279.487,-119.487,-2.38974,-4.38974,4.38974,1,0.353211,3.75808e-06,9.48128e-07
5.04011,280.356,-120.356,-2.40712,-4.40712,4.40712,1,0.357178,3.77932e-06,6.53485e-07
5.06006,280.356,-120.356,-2.40712,-4.40712,4.40712,1,0.36115,3.79701e-06,3.99193e-07
5.08011,280.356,-120.356,-2.40712,-4.40712,4.40712,1,0.365129,3.81162e-06,1.79725e-07
5.10009,280.544,-120.544,-2.41088,-4.41088,4.41088,1,0.369321,3.82414e-06,-1.89057e-08
5.12007,280.544,-120.544,-2.41088,-4.41088,4.41088,1,0.373097,3.83324e-06,-1.73164e-07
5.14011,280.887,-120.887,-2.41774,-4.41774,4.41774,1,0.377084,3.84092e-06,-3.14254e-07
5.16006,280.887,-120.887,-2.41774,-4.41774,4.41774,1,0.381075,3.84689e-06,-4.36024e-07
5.18006,280.887,-120.887,-2.41774,-4.41774,4.41774,1,0.384858,3.85118e-06,-5.35966e-07
5.20006,282.178,-122.178,-2.44357,-4.44357,4.44357,1,0.389063,3.85461e-06,-6.31825e-07
5.22008,282.178,-122.178,-2.44357,-4.44357,4.44357,1,0.392854,3.85664e-06,-7.06271e-07
5.2401,282.178,-122.178,-2.44357,-4.44357,4.44357,1,0.396864,3.85784e-06,-7.74363e-07
5.26016,282.921,-122.921,-2.45842,-4.45842,4.45842,1,0.400669,3.85822e-06,-8.30251e-07
5.28006,282.921,-122.921,-2.45842,-4.45842,4.45842,1,0.404902,3.85788e-06,-8.83856e-07
5.30043,282.921,-122.921,-2.45842,-4.45842,4.45842,1,0.409143,3.85685e-06,-9.29766e-07
5.32007,283.677,-123.677,-2.47354,-4.47354,4.47354,1,0.412963,3.85542e-06,-9.65421e-07
5.34007,283.677,-123.677,-2.47354,-4.47354,4.47354,1,0.417,3.85345e-06,-9.98034e-07
5.36006,283.677,-123.677,-2.47354,-4.47354,4.47354,1,0.421044,3.85109e-06,-1.02618e-06
5.38078,283.725,-123.725,-2.4745,-4.4745,4.4745,1,0.424878,3.84852e-06,-1.04929e-06
5.40006,283.725,-123.725,-2.4745,-4.4745,4.4745,1,0.42914,3.84536e-06,-1.07145e-06
5.42011,283.596,-123.596,-2.47191,-4.47191,4.47191,1,0.432977,3.84227e-06,-1.08866e-06
5.44011,283.596,-123.596,-2.47191,-4.47191,4.47191,1,0.437028,3.8388e-06,-1.1044e-06
5.46011,283.596,-123.596,-2.47191,-4.47191,4.47191,1,0.441079,3.83513e-06,-1.11799e-06
5.48007,283.398,-123.398,-2.46796,-4.46796,4.46796,1,0.445129,3.8313e-06,-1.12972e-06
5.50006,283.398,-123.398,-2.46796,-4.46796,4.46796,1,0.449391,3.82711e-06,-1.14033e-06
5.52012,283.398,-123.398,-2.46796,-4.46796,4.46796,1,0.453012,3.82345e-06,-1.14815e-06
5.54012,280.687,-120.687,-2.41374,-4.41374,4.41374,1,0.457059,3.81925e-06,-1.15575e-06
5.56012,280.687,-120.687,-2.41374,-4.41374,4.41374,1,0.461096,3.81497e-06,-1.16231e-06
5.58006,280.687,-120.687,-2.41374,-4.41374,4.41374,1,0.464902,3.81087e-06,-1.16769e-06
5.60006,277.195,-117.195,-2.3439,-4.3439,4.3439,1,0.469118,3.80625e-06,-1.17286e-06
5.62008,277.195,-117.195,-2.3439,-4.3439,4.3439,1,0.472897,3.80206e-06,-1.17687e-06
5.64012,277.195,-117.195,-2.3439,-4.3439,4.3439,1,0.476857,3.79762e-06,-1.18054e-06
5.66006,272.891,-112.891,-2.25782,-4.25782,4.25782,1,0.480801,3.79315e-06,-1.1837e-06
5.68007,272.891,-112.891,-2.25782,-4.25782,4.25782,1,0.484721,3.78867e-06,-1.18643e-06
5.70009,267.091,-107.091,-2.14183,-4.14183,4.14183,1,0.488809,3.78397e-06,-1.18891e-06
5.7201,267.091,-107.091,-2.14183,-4.14183,4.14183,1,0.492451,3.63009e-06,1.91807e-06
5.74012,267.091,-107.091,-2.14183,-4.14183,4.14183,1,0.496243,3.37855e-06,5.45546e-06
5.76008,262.895,-102.895,-2.0579,-4.0579,4.0579,1,0.500006,3.21537e-06,8.53733e-06
5.78008,262.895,-102.895,-2.0579,-4.0579,4.0579,1,0.503738,3.09137e-06,1.11961e-05
5.80007,262.895,-102.895,-2.0579,-4.0579,4.0579,1,0.507626,2.99195e-06,1.35992e-05
5.82009,257.884,-97.8836,-1.95767,-3.95767,3.95767,1,0.511105,2.92799e-06,1.54651e-05
5.84012,257.884,-97.8836,-1.95767,-3.95767,3.95767,1,0.514749,2.88281e-06,1.71712e-05
5.86007,257.884,-97.8836,-1.95767,-3.95767,3.95767,1,0.51835,2.85702e-06,1.86431e-05
5.88008,252.217,-92.2168,-1.84434,-3.84434,3.84434,1,0.52174,2.84818e-06,1.98507e-05
5.90018,252.217,-92.2168,-1.84434,-3.84434,3.84434,1,0.525472,2.85339e-06,2.10086e-05
5.92005,246.746,-86.7461,-1.73492,-3.73492,3.73492,1,0.528784,2.86934e-06,2.19074e-05
5.94013,246.746,-86.7461,-1.73492,-3.73492,3.73492,1,0.532237,2.89599e-06,2.2729e-05
5.96008,246.746,-86.7461,-1.73492,-3.73492,3.73492,1,0.535635,2.93096e-06,2.34378e-05
5.98014,238.012,-78.0118,-1.56024,-3.56024,3.56024,1,0.539005,2.97345e-06,2.40491e-05
6.00006,238.012,-78.0118,-1.56024,-3.56024,3.56024,1,0.5425,3.02455e-06,2.46021e-05
6.02006,238.012,-78.0118,-1.56024,-3.56024,3.56024,1,0.545578,3.07462e-06,2.50312e-05
6.04011,229.548,-69.5484,-1.39097,-3.39097,3.39097,1,0.54879,3.13157e-06,2.54235e-05
6.06006,229.548,-69.5484,-1.39097,-3.39097,3.39097,1,0.55195,3.19171e-06,2.57617e-05
6.08007,229.548,-69.5484,-1.39097,-3.39097,3.39097,1,0.555038,3.25381e-06,2.60534e-05
6.10008,221.668,-61.6678,-1.23336,-3.23336,3.23336,1,0.558246,3.32162e-06,2.63172e-05
6.12007,221.668,-61.6678,-1.23336,-3.23336,3.23336,1,0.560777,3.3772e-06,2.65005e-05
6.14011,221.668,-61.6678,-1.23336,-3.23336,3.23336,1,0.563715,3.44369e-06,2.66905e-05
6.16007,214.834,-54.8339,-1.09668,-3.09668,3.09668,1,0.566612,3.51121e-06,2.68542e-05
6.18006,214.834,-54.8339,-1.09668,-3.09668,3.09668,1,0.569463,3.57931e-06,2.69954e-05
6.20007,208.183,-48.1827,-0.963654,-2.96365,2.96365,1,0.572399,3.65091e-06,2.71231e-05
6.22007,208.183,-48.1827,-0.963654,-2.96365,2.96365,1,0.574988,3.71519e-06,2.72221e-05
6.24011,208.183,-48.1827,-0.963654,-2.96365,2.96365,1,0.577657,3.7824e-06,2.73125e-05
6.26005,202.653,-42.6531,-0.853062,-2.85306,2.85306,1,0.580288,3.84958e-06,2.73905e-05
6.28008,202.653,-42.6531,-0.853062,-2.85306,2.85306,1,0.58288,3.91655e-06,2.74577e-05
6.30009,202.653,-42.6531,-0.853062,-2.85306,2.85306,1,0.585554,3.98633e-06,2.75184e-05
6.32007,197.872,-37.8717,-0.757434,-2.75743,2.75743,1,0.587935,4.04901e-06,2.75655e-05
6.34011,197.872,-37.8717,-0.757434,-2.75743,2.75743,1,0.590415,4.11479e-06,2.76085e-05
6.36008,197.872,-37.8717,-0.757434,-2.75743,2.75743,1,0.592726,4.17645e-06,2.76438e-05
6.38007,193.403,-33.4032,-0.668065,-2.66806,2.66806,1,0.594888,4.23449e-06,2.76728e-05
6.40011,193.403,-33.4032,-0.668065,-2.66806,2.66806,1,0.597402,4.30227e-06,2.77024e-05
6.42009,193.403,-33.4032,-0.668065,-2.66806,2.66806,1,0.599627,4.36253e-06,2.77253e-05
6.44011,190.412,-30.4125,-0.60825,-2.60825,2.60825,1,0.601955,4.4258e-06,2.77462e-05
6.46009,190.412,-30.4125,-0.60825,-2.60825,2.60825,1,0.604261,4.48869e-06,2.77643e-05
6.48006,187.233,-27.2325,-0.544651,-2.54465,2.54465,1,0.606538,4.551e-06,2.77798e-05
6.50012,187.233,-27.2325,-0.544651,-2.54465,2.54465,1,0.608907,4.61596e-06,2.77939e-05
6.52008,187.233,-27.2325,-0.544651,-2.54465,2.54465,1,0.61101,4.67375e-06,2.78047e-05
6.54011,183.232,-23.2316,-0.464632,-2.46463,2.46463,1,0.613213,4.7344e-06,2.78147e-05
6.56008,183.232,-23.2316,-0.464632,-2.46463,2.46463,1,0.615393,4.79452e-06,2.78233e-05
6.58006,183.232,-23.2316,-0.464632,-2.46463,2.46463,1,0.617539,4.85378e-06,2.78306e-05
6.60012,178.148,0,0,-2,2,1,0.619666,4.91261e-06,2.7837e-05
6.62015,178.148,0,0,-2,2,1,0.621599,4.9661e-06,2.78422e-05
6.6401,178.148,0,0,-2,2,1,0.623467,5.01781e-06,2.7847e-05
6.6608,172.881,0,0,-2,2,1,0.625144,5.06427e-06,2.78508e-05
6.68008,172.881,0,0,-2,2,1,0.626772,5.10942e-06,2.78542e-05
6.70008,166.807,0,0,-2,2,1,0.628551,5.15877e-06,2.78575e-05
6.7201,166.807,0,0,-2,2,1,0.630137,5.20281e-06,2.786e-05
6.7401,166.807,0,0,-2,2,1,0.631803,5.24909e-06,2.78623e-05
6.76007,161.093,0,0,-2,2,1,0.633465,5.29527e-06,2.78642e-05
6.78006,161.093,0,0,-2,2,1,0.635125,5.3414e-06,2.78659e-05
6.80009,161.093,0,0,-2,2,1,0.63687,5.38995e-06,2.78675e-05
6.82006,154.921,0,0,-2,2,1,0.63844,5.43363e-06,2.78686e-05
6.84011,154.921,0,0,-2,2,1,0.640097,5.47975e-06,2.78697e-05
6.86011,154.921,0,0,-2,2,1,0.641754,5.52587e-06,2.78707e-05
6.88007,148.503,0,0,-2,2,1,0.643411,5.57199e-06,2.78715e-05
6.90007,148.503,0,0,-2,2,1,0.645155,5.62055e-06,2.78722e-05
6.92007,148.503,0,0,-2,2,1,0.646724,5.66426e-06,2.78728e-05
6.94011,143.05,0,0,-2,2,1,0.648381,5.71041e-06,2.78733e-05
6.96007,143.05,0,0,-2,2,1,0.650037,5.75656e-06,2.78737e-05
6.98007,137.817,22.1829,0.443658,-1.55634,1.55634,1,0.651607,5.80028e-06,2.78741e-05
7.00006,137.817,22.1829,0.443658,-1.55634,1.55634,1,0.653262,5.84641e-06,2.78744e-05
7.02006,137.817,22.1829,0.443658,-1.55634,1.55634,1,0.654601,5.88369e-06,2.78747e-05
7.04006,133.707,26.293,0.525861,-1.47414,1.47414,1,0.655996,5.92258e-06,2.78749e-05
7.06006,133.707,26.293,0.525861,-1.47414,1.47414,1,0.65726,5.9578e-06,2.78751e-05
7.08058,133.707,26.293,0.525861,-1.47414,1.47414,1,0.65847,5.99152e-06,2.78753e-05
7.10006,129.544,30.4565,0.60913,-1.39087,1.39087,1,0.659713,6.02614e-06,2.78755e-05
7.12013,129.544,30.4565,0.60913,-1.39087,1.39087,1,0.660803,6.05653e-06,2.78756e-05
7.1401,129.544,30.4565,0.60913,-1.39087,1.39087,1,0.661916,6.08755e-06,2.78757e-05
7.16034,125.529,34.4705,0.68941,-1.31059,1.31059,1,0.662722,6.11e-06,2.78758e-05
7.18112,125.529,34.4705,0.68941,-1.31059,1.31059,1,0.663679,6.1367e-06,2.78759e-05
7.20006,125.529,34.4705,0.68941,-1.31059,1.31059,1,0.664768,6.16703e-06,2.7876e-05
7.22008,120.839,39.1615,0.78323,-1.21677,1.21677,1,0.665674,6.19229e-06,2.7876e-05
7.24011,120.839,39.1615,0.78323,-1.21677,1.21677,1,0.66666,6.21977e-06,2.78761e-05
7.26028,115.675,44.3255,0.886509,-1.11349,1.11349,1,0.667605,6.24612e-06,2.78761e-05
7.28007,115.675,44.3255,0.886509,-1.11349,1.11349,1,0.668464,6.27006e-06,2.78762e-05
7.30009,115.675,44.3255,0.886509,-1.11349,1.11349,1,0.669366,6.29519e-06,2.78762e-05
7.32008,110.627,49.3728,0.987456,-1.01254,1.01254,1,0.670152,6.31709e-06,2.78762e-05
7.34011,110.627,49.3728,0.987456,-1.01254,1.01254,1,0.670949,6.33931e-06,2.78763e-05
7.36061,110.627,49.3728,0.987456,-1.01254,1.01254,1,0.671701,6.36029e-06,2.78763e-05
7.3801,105.823,54.1769,1.08354,-0.916463,0.916463,1,0.672392,6.37953e-06,2.78763e-05
7.40011,105.823,54.1769,1.08354,-0.916463,0.916463,1,0.67309,6.39901e-06,2.78763e-05
7.42005,105.823,54.1769,1.08354,-0.916463,0.916463,1,0.673713,6.41637e-06,2.78763e-05
7.4401,101.354,58.6456,1.17291,-0.827087,0.827087,1,0.674315,6.43314e-06,2.78764e-05
7.46006,101.354,58.6456,1.17291,-0.827087,0.827087,1,0.674891,6.44919e-06,2.78764e-05
7.48009,97.1723,62.8277,1.25655,-0.743445,0.743445,1,0.675459,6.46504e-06,2.78764e-05
7.5001,97.1723,62.8277,1.25655,-0.743445,0.743445,1,0.676017,6.4806e-06,2.78764e-05
7.5201,97.1723,62.8277,1.25655,-0.743445,0.743445,1,0.67648,6.49349e-06,2.78764e-05
7.54012,94.1088,65.8912,1.31782,-0.682176,0.682176,1,0.676946,6.50649e-06,2.78764e-05
7.56006,94.1088,65.8912,1.31782,-0.682176,0.682176,1,0.677389,6.51884e-06,2.78764e-05
7.58006,94.1088,65.8912,1.31782,-0.682176,0.682176,1,0.677804,6.53039e-06,2.78764e-05
7.60008,90.986,69.014,1.38028,-0.61972,0.61972,1,0.678223,6.54208e-06,2.78764e-05
7.62007,90.986,69.014,1.38028,-0.61972,0.61972,1,0.678583,6.55211e-06,2.78764e-05
7.64011,90.986,69.014,1.38028,-0.61972,0.61972,1,0.678936,6.56194e-06,2.78764e-05
7.66012,87.8521,72.1479,1.44296,-0.557041,0.557041,1,0.679273,6.57136e-06,2.78764e-05
7.68026,87.8521,72.1479,1.44296,-0.557041,0.557041,1,0.679592,6.58023e-06,2.78764e-05
7.70008,87.8521,72.1479,1.44296,-0.557041,0.557041,1,0.679898,6.58877e-06,2.78764e-05
7.72011,84.1536,75.8464,1.51693,-0.483073,0.483073,1,0.680159,6.59606e-06,2.78764e-05
7.74011,84.1536,75.8464,1.51693,-0.483073,0.483073,1,0.680415,6.60318e-06,2.78764e-05
7.76007,81.2319,78.7681,1.57536,-0.424639,0.424639,1,0.680639,6.60944e-06,2.78764e-05
7.78006,81.2319,78.7681,1.57536,-0.424639,0.424639,1,0.680827,6.61467e-06,2.78764e-05
7.80006,81.2319,78.7681,1.57536,-0.424639,0.424639,1,0.681003,6.61957e-06,2.78764e-05
7.82006,76.8109,83.1891,1.66378,-0.336217,0.336217,1,0.681145,6.62355e-06,2.78764e-05
7.84011,76.8109,83.1891,1.66378,-0.336217,0.336217,1,0.681272,6.62706e-06,2.78764e-05
7.86006,76.8109,83.1891,1.66378,-0.336217,0.336217,1,0.681361,6.62955e-06,2.78764e-05
7.88057,76.8109,83.1891,1.66378,-0.336217,0.336217,1,0.681429,6.63146e-06,2.78764e-05
7.90007,76.8109,83.1891,1.66378,-0.336217,0.336217,1,0.68149,6.63316e-06,2.78764e-05
7.92006,76.8109,83.1891,1.66378,-0.336217,0.336217,1,0.68154,6.63455e-06,2.78764e-05
7.94015,76.8109,83.1891,1.66378,-0.336217,0.336217,1,0.681589,6.63592e-06,2.78764e-05
7.96007,76.8109,83.1891,1.66378,-0.336217,0.336217,1,0.681637,6.63726e-06,2.78764e-05
7.98008,76.8109,83.1891,1.66378,-0.336217,0.336217,1,0.681684,6.63856e-06,2.78764e-05
8.00008,67.1263,92.8737,1.85747,-0.142525,0.142525,1,0.681731,6.63986e-06,2.78764e-05
8.02008,67.1263,92.8737,1.85747,-0.142525,0.142525,1,0.681766,6.57848e-06,2.91475e-05
8.04007,63.9027,96.0973,1.92195,-0.0780539,0.0780539,1,0.681787,6.47101e-06,3.05892e-05
8.06006,63.9027,96.0973,1.92195,-0.0780539,0.0780539,1,0.681798,6.39782e-06,3.17792e-05
8.08007,63.9027,96.0973,1.92195,-0.0780539,0.0780539,1,0.681804,6.33561e-06,3.28105e-05
8.10007,61.5178,98.4822,1.96964,-0.0303555,0.0303555,1,0.681807,6.27795e-06,3.37491e-05
8.12008,61.5178,98.4822,1.96964,-0.0303555,0.0303555,1,0.681809,6.23078e-06,3.45167e-05
8.14011,61.5178,98.4822,1.96964,-0.0303555,0.0303555,1,0.681809,6.18782e-06,3.52161e-05
8.16006,58.0504,101.95,2.03899,0.0389928,-0.0389928,1,0.68181,6.15087e-06,3.58175e-05
8.18007,58.0504,101.95,2.03899,0.0389928,-0.0389928,1,0.68181,6.11909e-06,3.63345e-05
8.20007,58.0504,101.95,2.03899,0.0389928,-0.0389928,1,0.68181,6.09044e-06,3.68007e-05
8.22037,54.3096,105.69,2.11381,0.113808,-0.113808,1,0.681811,6.06827e-06,3.71613e-05
8.24011,54.3096,105.69,2.11381,0.113808,-0.113808,1,0.681811,6.04807e-06,3.74899e-05
8.26008,54.3096,105.69,2.11381,0.113808,-0.113808,1,0.681811,6.03155e-06,3.77586e-05
8.28007,53.5752,106.425,2.1285,0.128497,-0.128497,1,0.681811,6.01798e-06,3.79794e-05
8.30007,53.5752,106.425,2.1285,0.128497,-0.128497,1,0.681811,6.00483e-06,3.81933e-05
8.32007,51.8558,108.144,2.16288,0.162883,-0.162883,1,0.681811,5.99463e-06,3.83591e-05
8.34006,51.8558,108.144,2.16288,0.162883,-0.162883,1,0.681811,5.98428e-06,3.85276e-05
8.36007,51.8558,108.144,2.16288,0.162883,-0.162883,1,0.681811,5.97585e-06,3.86646e-05
8.38095,52.9421,107.058,2.14116,0.141158,-0.141158,1,0.681811,5.96861e-06,3.87824e-05
8.40014,52.9421,107.058,2.14116,0.141158,-0.141158,1,0.681811,5.96208e-06,3.88886e-05
8.42006,52.9421,107.058,2.14116,0.141158,-0.141158,1,0.681811,5.95729e-06,3.89665e-05
8.44011,52.3417,107.658,2.15317,0.153166,-0.153166,1,0.681811,5.95288e-06,3.90383e-05
8.46006,52.3417,107.658,2.15317,0.153166,-0.153166,1,0.681811,5.94886e-06,3.91037e-05
8.48012,52.3417,107.658,2.15317,0.153166,-0.153166,1,0.681811,5.94557e-06,3.91572e-05
8.50007,52.1549,107.845,2.1569,0.156902,-0.156902,1,0.681811,5.94228e-06,3.92107e-05
8.52008,52.1549,107.845,2.1569,0.156902,-0.156902,1,0.681811,5.93987e-06,3.92499e-05
8.54012,48.0257,111.974,2.23949,0.239486,-0.239486,1,0.681811,5.93767e-06,3.92856e-05
8.56006,48.0257,111.974,2.23949,0.239486,-0.239486,1,0.681811,5.93578e-06,3.93164e-05
8.58007,48.0257,111.974,2.23949,0.239486,-0.239486,1,0.681811,5.93416e-06,3.93428e-05
8.60008,45.4695,114.531,2.29061,0.290611,-0.290611,1,0.681811,5.9327e-06,3.93666e-05
8.62006,45.4695,114.531,2.29061,0.290611,-0.290611,1,0.68181,5.93155e-06,3.9385e-05
8.64012,45.4695,114.531,2.29061,0.290611,-0.290611,1,0.681809,5.93048e-06,3.94018e-05
8.66014,43.9291,116.071,2.32142,0.321418,-0.321418,1,0.681808,5.92954e-06,3.94163e-05
8.68007,43.9291,116.071,2.32142,0.321418,-0.321418,1,0.681801,5.9285e-06,3.94287e-05
8.70006,43.9291,116.071,2.32142,0.321418,-0.321418,1,0.681781,5.92704e-06,3.94399e-05
8.7201,41.8568,118.143,2.36286,0.362864,-0.362864,1,0.681758,5.92558e-06,3.94485e-05
8.74011,41.8568,118.143,2.36286,0.362864,-0.362864,1,0.681723,5.92371e-06,3.94564e-05
8.76007,41.8568,118.143,2.36286,0.362864,-0.362864,1,0.681671,5.92123e-06,3.94632e-05
8.78006,40.8799,119.12,2.3824,0.382402,-0.382402,1,0.681609,5.91845e-06,3.9469e-05
8.80009,40.8799,119.12,2.3824,0.382402,-0.382402,1,0.681536,5.91522e-06,3.94743e-05
8.82007,40.0048,119.995,2.3999,0.399904,-0.399904,1,0.68146,5.91199e-06,3.94784e-05
8.84012,40.0048,119.995,2.3999,0.399904,-0.399904,1,0.681372,5.9083e-06,3.94821e-05
8.86103,40.0048,119.995,2.3999,0.399904,-0.399904,1,0.681281,5.90449e-06,3.94851e-05
8.88007,39.2539,120.746,2.41492,0.414921,-0.414921,1,0.681179,5.90031e-06,3.94879e-05
8.90007,39.2539,120.746,2.41492,0.414921,-0.414921,1,0.681066,5.89569e-06,3.94903e-05
8.92006,39.2539,120.746,2.41492,0.414921,-0.414921,1,0.680964,5.89154e-06,3.94922e-05
8.94011,36.7943,123.206,2.46411,0.464115,-0.464115,1,0.680846,5.88679e-06,3.94939e-05
8.96006,36.7943,123.206,2.46411,0.464115,-0.464115,1,0.680717,5.88162e-06,3.94955e-05
8.98011,36.7943,123.206,2.46411,0.464115,-0.464115,1,0.68057,5.87571e-06,3.94968e-05
9.00007,35.4456,124.554,2.49109,0.491089,-0.491089,1,0.680403,5.86906e-06,3.94979e-05
9.02107,35.4456,124.554,2.49109,0.491089,-0.491089,1,0.680244,5.86271e-06,3.94988e-05
9.04008,35.0567,124.943,2.49887,0.498866,-0.498866,1,0.680063,5.85552e-06,3.94997e-05
9.06012,35.0567,124.943,2.49887,0.498866,-0.498866,1,0.679985,5.8524e-06,3.95e-05
9.08015,35.0567,124.943,2.49887,0.498866,-0.498866,1,0.679782,5.84435e-06,3.95007e-05
9.10005,33.5715,126.428,2.52857,0.528569,-0.528569,1,0.679574,5.83608e-06,3.95013e-05
9.12005,33.5715,126.428,2.52857,0.528569,-0.528569,1,0.679379,5.82835e-06,3.95018e-05
9.14012,33.5715,126.428,2.52857,0.528569,-0.528569,1,0.679161,5.81971e-06,3.95022e-05
9.16005,32.744,127.256,2.54512,0.54512,-0.54512,1,0.678936,5.81082e-06,3.95025e-05
9.18007,32.744,127.256,2.54512,0.54512,-0.54512,1,0.678729,5.80264e-06,3.95028e-05
9.20007,32.744,127.256,2.54512,0.54512,-0.54512,1,0.678478,5.79269e-06,3.95031e-05
9.22012,32.6197,127.38,2.54761,0.547606,-0.547606,1,0.678248,5.78358e-06,3.95033e-05
9.24011,32.6197,127.38,2.54761,0.547606,-0.547606,1,0.678002,5.77385e-06,3.95035e-05
9.26005,32.6197,127.38,2.54761,0.547606,-0.547606,1,0.677754,5.76404e-06,3.95037e-05
9.28005,33.203,126.797,2.53594,0.535939,-0.535939,1,0.677504,5.75418e-06,3.95038e-05
9.3001,33.203,126.797,2.53594,0.535939,-0.535939,1,0.677244,5.74387e-06,3.9504e-05
9.32012,34.7932,125.207,2.50414,0.504136,-0.504136,1,0.677013,5.73474e-06,3.95041e-05
9.34008,34.7932,125.207,2.50414,0.504136,-0.504136,1,0.676765,5.72494e-06,3.95042e-05
9.36009,34.7932,125.207,2.50414,0.504136,-0.504136,1,0.676542,5.71613e-06,3.95043e-05
9.38006,39.3631,120.637,2.41274,0.412737,-0.412737,1,0.676326,5.70758e-06,3.95043e-05
9.40011,39.3631,120.637,2.41274,0.412737,-0.412737,1,0.676122,5.69954e-06,3.95044e-05
9.42007,39.3631,120.637,2.41274,0.412737,-0.412737,1,0.675971,5.69359e-06,3.95044e-05
9.44011,43.6544,116.346,2.32691,0.326913,-0.326913,1,0.67583,5.68801e-06,3.95045e-05
9.46008,43.6544,116.346,2.32691,0.326913,-0.326913,1,0.675714,5.68342e-06,3.95045e-05
9.48014,43.6544,116.346,2.32691,0.326913,-0.326913,1,0.675635,5.68028e-06,3.95046e-05
9.50007,49.7993,110.201,2.20401,0.204013,-0.204013,1,0.675573,5.67782e-06,3.95046e-05
9.52006,49.7993,110.201,2.20401,0.204013,-0.204013,1,0.675533,5.67626e-06,3.95046e-05
9.54012,56.8255,103.174,2.06349,0.0634892,-0.0634892,1,0.675511,5.67537e-06,3.95046e-05
9.56007,56.8255,103.174,2.06349,0.0634892,-0.0634892,1,0.675499,5.67489e-06,3.95047e-05
9.58013,56.8255,103.174,2.06349,0.0634892,-0.0634892,1,0.675492,5.67464e-06,3.95047e-05
9.60008,63.5742,96.4258,1.92852,-0.0714844,0.0714844,1,0.675489,5.6745e-06,3.95047e-05
9.62012,63.5742,96.4258,1.92852,-0.0714844,0.0714844,1,0.675487,5.67443e-06,3.95047e-05
9.64014,63.5742,96.4258,1.92852,-0.0714844,0.0714844,1,0.675486,5.67439e-06,3.95047e-05
9.66009,71.3357,88.6643,1.77329,-0.226715,0.226715,1,0.675485,5.67437e-06,3.95047e-05
9.68007,71.3357,88.6643,1.77329,-0.226715,0.226715,1,0.675485,5.67436e-06,3.95047e-05
9.70006,71.3357,88.6643,1.77329,-0.226715,0.226715,1,0.675485,5.67435e-06,3.95047e-05
9.72006,79.356,80.644,1.61288,-0.38712,0.38712,1,0.675485,5.67435e-06,3.95047e-05
9.74011,79.356,80.644,1.61288,-0.38712,0.38712,1,0.675504,5.67512e-06,3.95047e-05
9.76007,86.723,73.277,1.46554,-0.534461,0.534461,1,0.675559,5.67728e-06,3.95047e-05
9.78012,86.723,73.277,1.46554,-0.534461,0.534461,1,0.675655,5.68106e-06,3.95047e-05
9.80007,86.723,73.277,1.46554,-0.534461,0.534461,1,0.675828,5.6879e-06,3.95047e-05
9.82007,93.6912,66.3088,1.32618,-0.673824,0.673824,1,0.676017,5.69535e-06,3.95047e-05
9.84011,93.6912,66.3088,1.32618,-0.673824,0.673824,1,0.676258,5.70489e-06,3.95047e-05
9.8601,93.6912,66.3088,1.32618,-0.673824,0.673824,1,0.67656,5.71683e-06,3.95047e-05
9.88006,101.868,58.1316,1.16263,-0.837368,0.837368,1,0.676878,5.72936e-06,3.95047e-05
9.90006,101.868,58.1316,1.16263,-0.837368,0.837368,1,0.677281,5.74531e-06,3.95048e-05
9.9201,110.51,49.4897,0.989794,-1.01021,1.01021,1,0.677709,5.76222e-06,3.95048e-05
9.94011,110.51,49.4897,0.989794,-1.01021,1.01021,1,0.678228,5.78273e-06,3.95048e-05
9.96007,110.51,49.4897,0.989794,-1.01021,1.01021,1,0.678831,5.80651e-06,3.95048e-05
9.98007,110.51,49.4897,0.989794,-1.01021,1.01021,1,0.679443,5.83071e-06,3.95048e-05
10.0001,117.513,42.4875,0.84975,-1.15025,1.15025,1,0.680113,5.85719e-06,3.95048e-05
10.0201,117.513,42.4875,0.84975,-1.15025,1.15025,1,0.680819,5.88506e-06,3.95048e-05
10.0401,123.857,36.1428,0.722855,-1.27714,1.27714,1,0.681583,5.91526e-06,3.95048e-05
10.0601,123.857,36.1428,0.722855,-1.27714,1.27714,1,0.682403,5.94764e-06,3.95048e-05
10.0801,123.857,36.1428,0.722855,-1.27714,1.27714,1,0.683286,5.98253e-06,3.95048e-05
10.1001,128.201,31.7986,0.635972,-1.36403,1.36403,1,0.684253,6.02072e-06,3.95048e-05
10.1201,128.201,31.7986,0.635972,-1.36403,1.36403,1,0.685154,6.0563e-06,3.95048e-05
10.1401,133.026,26.9743,0.539487,-1.46051,1.46051,1,0.686145,6.09548e-06,3.95048e-05
10.1601,133.026,26.9743,0.539487,-1.46051,1.46051,1,0.687177,6.13624e-06,3.95048e-05
10.1801,133.026,26.9743,0.539487,-1.46051,1.46051,1,0.688257,6.17889e-06,3.95048e-05
10.2011,138.271,21.7294,0.434589,-1.56541,1.56541,1,0.68942,6.22486e-06,3.95048e-05
10.2201,138.271,21.7294,0.434589,-1.56541,1.56541,1,0.690495,6.26732e-06,3.95048e-05
10.2401,138.271,21.7294,0.434589,-1.56541,1.56541,1,0.691675,6.31393e-06,3.95048e-05
10.2601,143.421,0,0,-2,2,1,0.692817,6.35906e-06,3.95048e-05
10.2801,143.421,0,0,-2,2,1,0.694041,6.4074e-06,3.95048e-05
10.3001,143.421,0,0,-2,2,1,0.695577,6.46808e-06,3.95048e-05
10.3201,147.743,0,0,-2,2,1,0.697048,6.52618e-06,3.95048e-05
10.3401,147.743,0,0,-2,2,1,0.698648,6.58939e-06,3.95048e-05
10.3601,152.296,0,0,-2,2,1,0.700274,6.65365e-06,3.95048e-05
10.3801,152.296,0,0,-2,2,1,0.701915,6.71846e-06,3.95048e-05
10.4001,152.296,0,0,-2,2,1,0.70365,6.787e-06,3.95048e-05
10.4201,155.697,0,0,-2,2,1,0.705128,6.8454e-06,3.95048e-05
10.4401,155.697,0,0,-2,2,1,0.706869,6.91418e-06,3.95048e-05
10.4601,155.697,0,0,-2,2,1,0.708525,6.97958e-06,3.95048e-05
10.4801,157.943,0,0,-2,2,1,0.710094,7.04155e-06,3.95048e-05
10.5001,157.943,0,0,-2,2,1,0.711837,7.11043e-06,3.95048e-05
10.5201,157.943,0,0,-2,2,1,0.713406,7.17242e-06,3.95048e-05
10.5401,160.115,0,0,-2,2,1,0.715063,7.23786e-06,3.95048e-05
10.5601,160.115,0,0,-2,2,1,0.716719,7.3033e-06,3.95048e-05
10.5801,160.115,0,0,-2,2,1,0.718376,7.36875e-06,3.95048e-05
10.6001,161.794,0,0,-2,2,1,0.72012,7.43764e-06,3.95048e-05
10.6201,161.794,0,0,-2,2,1,0.721689,7.49964e-06,3.95048e-05
10.6401,163.246,0,0,-2,2,1,0.723346,7.56508e-06,3.95048e-05
10.6601,163.246,0,0,-2,2,1,0.725003,7.63053e-06,3.95048e-05
10.6801,163.246,0,0,-2,2,1,0.726572,7.69253e-06,3.95048e-05
10.7001,163.308,0,0,-2,2,1,0.728316,7.76142e-06,3.95048e-05
10.7201,163.308,0,0,-2,2,1,0.729885,7.82342e-06,3.95048e-05
10.7401,163.308,0,0,-2,2,1,0.731455,7.88542e-06,3.95048e-05
10.7601,163.039,0,0,-2,2,1,0.733111,7.95086e-06,3.95048e-05
10.7801,163.039,0,0,-2,2,1,0.734768,8.01631e-06,3.95048e-05
10.8001,163.039,0,0,-2,2,1,0.736512,8.0852e-06,3.95048e-05
10.8201,162.842,0,0,-2,2,1,0.738081,8.1472e-06,3.95048e-05
10.8401,162.842,0,0,-2,2,1,0.739738,8.21265e-06,3.95048e-05
10.8601,162.842,0,0,-2,2,1,0.741395,8.27809e-06,3.95048e-05
10.8801,162.897,0,0,-2,2,1,0.742964,8.34009e-06,3.95048e-05
10.9001,162.897,0,0,-2,2,1,0.744533,8.40209e-06,3.95048e-05
10.9201,164.292,0,0,-2,2,1,0.746103,8.46409e-06,3.95048e-05
10.9401,164.292,0,0,-2,2,1,0.74776,8.52954e-06,3.95048e-05
10.9601,164.292,0,0,-2,2,1,0.749416,8.59498e-06,3.95048e-05
10.9801,166.838,0,0,-2,2,1,0.751073,8.66043e-06,3.95048e-05
11.0001,166.838,0,0,-2,2,1,0.752817,8.72932e-06,3.95048e-05
11.0201,166.838,0,0,-2,2,1,0.754386,8.79132e-06,3.95048e-05
11.0402,171.436,0,0,-2,2,1,0.756043,8.85676e-06,3.95048e-05
11.0601,171.436,0,0,-2,2,1,0.757699,8.92221e-06,3.95048e-05
11.0801,171.436,0,0,-2,2,1,0.759182,8.98077e-06,3.95048e-05
11.1006,174.381,0,0,-2,2,1,0.760838,9.04621e-06,3.95048e-05
11.1201,174.381,0,0,-2,2,1,0.762408,9.10821e-06,3.95048e-05
11.1401,177.982,0,0,-2,2,1,0.764064,9.17366e-06,3.95048e-05
11.1601,177.982,0,0,-2,2,1,0.765634,9.23566e-06,3.95048e-05
11.1801,177.982,0,0,-2,2,1,0.767291,9.3011e-06,3.95048e-05
11.2001,180.977,-20.9769,-0.419537,-2.41954,2.41954,1,0.769034,9.36999e-06,3.95048e-05
11.2201,180.977,-20.9769,-0.419537,-2.41954,2.41954,1,0.770674,9.98141e-06,2.8266e-05
11.2401,180.977,-20.9769,-0.419537,-2.41954,2.41954,1,0.772555,1.09806e-05,1.54968e-05
11.2601,183.814,-23.8141,-0.476281,-2.47628,2.47628,1,0.774522,1.16842e-05,4.39308e-06
11.2801,183.814,-23.8141,-0.476281,-2.47628,2.47628,1,0.776544,1.23438e-05,-6.78812e-06
11.3001,183.814,-23.8141,-0.476281,-2.47628,2.47628,1,0.77872,1.29815e-05,-1.72168e-05
11.3201,187.446,-27.4458,-0.548915,-2.54892,2.54892,1,0.780701,1.34363e-05,-2.53143e-05
11.3401,187.446,-27.4458,-0.548915,-2.54892,2.54892,1,0.782817,1.38278e-05,-3.2707e-05
11.3601,187.446,-27.4458,-0.548915,-2.54892,2.54892,1,0.784967,1.41417e-05,-3.90749e-05
11.3801,190.295,-30.2952,-0.605904,-2.6059,2.6059,1,0.787134,1.4388e-05,-4.45613e-05
11.4001,190.295,-30.2952,-0.605904,-2.6059,2.6059,1,0.789438,1.45839e-05,-4.9518e-05
11.4203,193.627,-33.6274,-0.672547,-2.67255,2.67255,1,0.791535,1.4712e-05,-5.33609e-05
11.4401,193.627,-33.6274,-0.672547,-2.67255,2.67255,1,0.793774,1.4804e-05,-5.68699e-05
11.4601,193.627,-33.6274,-0.672547,-2.67255,2.67255,1,0.796045,1.48571e-05,-5.98935e-05
11.4801,196.566,-36.5656,-0.731312,-2.73131,2.73131,1,0.798333,1.4877e-05,-6.24987e-05
11.5001,196.566,-36.5656,-0.731312,-2.73131,2.73131,1,0.800763,1.48668e-05,-6.48527e-05
11.5201,196.566,-36.5656,-0.731312,-2.73131,2.73131,1,0.802975,1.48334e-05,-6.6678e-05
11.5401,197.941,-37.941,-0.758819,-2.75882,2.75882,1,0.805323,1.47772e-05,-6.83448e-05
11.5601,197.941,-37.941,-0.758819,-2.75882,2.75882,1,0.807684,1.47023e-05,-6.97812e-05
11.5801,197.941,-37.941,-0.758819,-2.75882,2.75882,1,0.810059,1.46111e-05,-7.1019e-05
11.6001,197.941,-37.941,-0.758819,-2.75882,2.75882,1,0.812567,1.45002e-05,-7.21374e-05
11.6201,197.941,-37.941,-0.758819,-2.75882,2.75882,1,0.814828,1.43894e-05,-7.30047e-05
11.6401,197.941,-37.941,-0.758819,-2.75882,2.75882,1,0.817217,1.42627e-05,-7.37968e-05
11.6601,195.927,-35.9268,-0.718537,-2.71854,2.71854,1,0.819481,1.41347e-05,-7.44459e-05
11.6801,195.927,-35.9268,-0.718537,-2.71854,2.71854,1,0.821865,1.3993e-05,-7.50388e-05
11.7001,192.963,-32.9629,-0.659259,-2.65926,2.65926,1,0.824358,1.38381e-05,-7.55745e-05
11.7201,192.963,-32.9629,-0.659259,-2.65926,2.65926,1,0.826462,1.37028e-05,-7.59683e-05
11.7401,192.963,-32.9629,-0.659259,-2.65926,2.65926,1,0.828789,1.35491e-05,-7.63506e-05
11.7601,190.022,-30.022,-0.60044,-2.60044,2.60044,1,0.831101,1.33924e-05,-7.668e-05
11.7801,190.022,-30.022,-0.60044,-2.60044,2.60044,1,0.833394,1.32337e-05,-7.69639e-05
11.8001,190.022,-30.022,-0.60044,-2.60044,2.60044,1,0.835781,1.30654e-05,-7.72204e-05
11.8201,187.302,-27.3023,-0.546046,-2.54605,2.54605,1,0.837916,1.29126e-05,-7.74192e-05
11.8401,187.302,-27.3023,-0.546046,-2.54605,2.54605,1,0.840152,1.27503e-05,-7.76008e-05
11.8601,187.302,-27.3023,-0.546046,-2.54605,2.54605,1,0.842249,1.25966e-05,-7.77496e-05
11.8801,184.696,-24.6957,-0.493914,-2.49391,2.49391,1,0.843872,1.24767e-05,-7.78517e-05
11.9001,184.696,-24.6957,-0.493914,-2.49391,2.49391,1,0.845942,1.23225e-05,-7.79675e-05
11.9201,183.322,-23.3219,-0.466437,-2.46644,2.46644,1,0.84799,1.21688e-05,-7.8068e-05
11.9402,183.322,-23.3219,-0.466437,-2.46644,2.46644,1,0.850135,1.20069e-05,-7.81598e-05
11.9601,183.322,-23.3219,-0.466437,-2.46644,2.46644,1,0.852152,1.18539e-05,-7.8235e-05
11.9801,182.752,-22.7521,-0.455041,-2.45504,2.45504,1,0.854159,1.17007e-05,-7.83003e-05
12.0001,182.752,-22.7521,-0.455041,-2.45504,2.45504,1,0.856382,1.15304e-05,-7.83628e-05
12.0216,182.752,-22.7521,-0.455041,-2.45504,2.45504,1,0.858377,1.13771e-05,-7.84113e-05
12.0401,183.012,-23.012,-0.460241,-2.46024,2.46024,1,0.860367,1.12235e-05,-7.84534e-05
12.0601,183.012,-23.012,-0.460241,-2.46024,2.46024,1,0.862468,1.10611e-05,-7.84918e-05
12.0817,183.012,-23.012,-0.460241,-2.46024,2.46024,1,0.864459,1.09067e-05,-7.85233e-05
12.1001,183.338,-23.338,-0.46676,-2.46676,2.46676,1,0.86656,1.07434e-05,-7.8552e-05
12.1201,183.338,-23.338,-0.46676,-2.46676,2.46676,1,0.868553,1.05883e-05,-7.85756e-05
12.1401,183.338,-23.338,-0.46676,-2.46676,2.46676,1,0.870658,1.04242e-05,-7.85971e-05
12.1601,182.781,-22.7805,-0.455611,-2.45561,2.45561,1,0.872765,1.02597e-05,-7.86156e-05
12.1801,182.781,-22.7805,-0.455611,-2.45561,2.45561,1,0.87476,1.01038e-05,-7.86308e-05
12.2001,182.65,-22.6499,-0.452999,-2.453,2.453,1,0.876973,9.93068e-06,-7.86453e-05
12.2201,182.65,-22.6499,-0.452999,-2.453,2.453,1,0.878962,9.77493e-06,-7.86566e-05
12.2401,182.65,-22.6499,-0.452999,-2.453,2.453,1,0.88117,9.60191e-06,-7.86674e-05
12.2601,182.411,-22.4106,-0.448212,-2.44821,2.44821,1,0.883266,9.43752e-06,-7.86762e-05
12.2801,182.411,-22.4106,-0.448212,-2.44821,2.44821,1,0.885251,9.2818e-06,-7.86834e-05
12.3001,182.411,-22.4106,-0.448212,-2.44821,2.44821,1,0.887454,9.10887e-06,-7.86903e-05
12.3201,181.03,-21.0295,-0.420591,-2.42059,2.42059,1,0.889436,8.95324e-06,-7.86956e-05
12.3401,181.03,-21.0295,-0.420591,-2.42059,2.42059,1,0.891632,8.78075e-06,-7.87007e-05
12.3601,181.03,-21.0295,-0.420591,-2.42059,2.42059,1,0.893707,8.61766e-06,-7.87049e-05
12.3801,179.518,0,0,-2,2,1,0.895777,8.45495e-06,-7.87085e-05
12.4001,179.518,0,0,-2,2,1,0.897869,8.29047e-06,-7.87117e-05
12.4201,179.518,0,0,-2,2,1,0.899607,8.15386e-06,-7.87142e-05
12.4401,178.401,0,0,-2,2,1,0.901359,8.01605e-06,-7.87165e-05
12.4601,178.401,0,0,-2,2,1,0.903067,7.88175e-06,-7.87185e-05
12.4801,176.179,0,0,-2,2,1,0.904751,7.7493e-06,-7.87202e-05
12.5001,176.179,0,0,-2,2,1,0.90651,7.61094e-06,-7.87218e-05
12.5201,176.179,0,0,-2,2,1,0.908086,7.4869e-06,-7.8723e-05
12.5408,175.183,0,0,-2,2,1,0.909747,7.35623e-06,-7.8724e-05
12.5601,175.183,0,0,-2,2,1,0.911406,7.22569e-06,-7.8725e-05
12.5801,175.183,0,0,-2,2,1,0.913064,7.09523e-06,-7.87258e-05
12.6001,176.326,0,0,-2,2,1,0.914721,6.9648e-06,-7.87265e-05
12.6201,176.326,0,0,-2,2,1,0.916291,6.84126e-06,-7.8727e-05
12.6401,176.326,0,0,-2,2,1,0.917948,6.71085e-06,-7.87276e-05
12.6601,177.107,0,0,-2,2,1,0.919604,6.58045e-06,-7.8728e-05
12.6801,177.107,0,0,-2,2,1,0.921087,6.46377e-06,-7.87284e-05
12.7001,177.107,0,0,-2,2,1,0.92283,6.3265e-06,-7.87287e-05
12.7201,178.539,0,0,-2,2,1,0.9244,6.20295e-06,-7.8729e-05
12.7406,178.539,0,0,-2,2,1,0.926057,6.07254e-06,-7.87292e-05
12.7601,177.796,0,0,-2,2,1,0.927626,5.94899e-06,-7.87294e-05
12.7801,177.796,0,0,-2,2,1,0.929195,5.82544e-06,-7.87296e-05
12.8001,177.796,0,0,-2,2,1,0.930939,5.68816e-06,-7.87298e-05
12.8201,177.403,0,0,-2,2,1,0.932509,5.56461e-06,-7.87299e-05
12.8401,177.403,0,0,-2,2,1,0.934165,5.43419e-06,-7.873e-05
12.8601,177.403,0,0,-2,2,1,0.935822,5.30376e-06,-7.87301e-05
12.8801,177.287,0,0,-2,2,1,0.937479,5.17334e-06,-7.87302e-05
12.9001,177.287,0,0,-2,2,1,0.939223,5.03606e-06,-7.87303e-05
12.9201,177.287,0,0,-2,2,1,0.940792,4.9125e-06,-7.87304e-05
12.9401,177.214,0,0,-2,2,1,0.942449,4.78207e-06,-7.87304e-05
12.9601,177.214,0,0,-2,2,1,0.944018,4.65851e-06,-7.87305e-05
12.9802,177.342,0,0,-2,2,1,0.945675,4.52808e-06,-7.87305e-05
13,177.342,0,0,-2,2,1,0.947419,4.39079e-06,-7.87306e-05
13.0201,177.342,0,0,-2,2,1,0.948988,4.26723e-06,-7.87306e-05
13.0401,177.783,0,0,-2,2,1,0.95047,4.15053e-06,-7.87306e-05
13.0601,177.783,0,0,-2,2,1,0.951953,4.03384e-06,-7.87306e-05
13.0801,177.783,0,0,-2,2,1,0.953522,3.91027e-06,-7.87307e-05
13.1001,178.83,0,0,-2,2,1,0.955266,3.77298e-06,-7.87307e-05
13.1201,178.83,0,0,-2,2,1,0.956835,3.64942e-06,-7.87307e-05
13.1401,178.83,0,0,-2,2,1,0.958492,3.51899e-06,-7.87307e-05
13.1601,179.266,0,0,-2,2,1,0.960061,3.39543e-06,-7.87307e-05
13.1801,179.266,0,0,-2,2,1,0.961631,3.27186e-06,-7.87307e-05
13.2001,179.266,0,0,-2,2,1,0.963375,3.13457e-06,-7.87307e-05
13.2201,178.72,0,0,-2,2,1,0.964944,3.01101e-06,-7.87307e-05
13.2401,178.72,0,0,-2,2,1,0.966601,2.88058e-06,-7.87307e-05
13.2601,177.764,0,0,-2,2,1,0.968257,2.75015e-06,-7.87308e-05
13.2801,177.764,0,0,-2,2,1,0.96974,2.63345e-06,-7.87308e-05
13.3001,177.764,0,0,-2,2,1,0.971396,2.50302e-06,-7.87308e-05
13.3201,175.947,0,0,-2,2,1,0.972966,2.37946e-06,-7.87308e-05
13.3401,175.947,0,0,-2,2,1,0.974622,2.24903e-06,-7.87308e-05
13.3601,175.947,0,0,-2,2,1,0.976279,2.1186e-06,-7.87308e-05
13.3801,172.778,0,0,-2,2,1,0.977848,1.99504e-06,-7.87308e-05
13.4002,172.778,0,0,-2,2,1,0.979592,1.85775e-06,-7.87308e-05
13.4201,172.778,0,0,-2,2,1,0.981162,1.73418e-06,-7.87308e-05
13.4401,168.882,0,0,-2,2,1,0.982818,1.60375e-06,-7.87308e-05
13.4601,168.882,0,0,-2,2,1,0.984475,1.47333e-06,-7.87308e-05
13.4801,168.882,0,0,-2,2,1,0.986132,1.3429e-06,-7.87308e-05
13.5001,165.32,0,0,-2,2,1,0.987875,1.2056e-06,-7.87308e-05
13.5201,165.32,0,0,-2,2,1,0.989445,1.08204e-06,-7.87308e-05
13.5401,163.519,0,0,-2,2,1,0.991189,9.44746e-07,-7.87308e-05
13.5601,163.519,0,0,-2,2,1,0.992758,8.21182e-07,-7.87308e-05
13.5801,163.519,0,0,-2,2,1,0.994328,6.97618e-07,-7.87308e-05
13.6001,162.378,0,0,-2,2,1,0.996072,5.60325e-07,-7.87308e-05
13.6201,162.378,0,0,-2,2,1,0.997554,4.43625e-07,-7.87308e-05
13.6401,162.378,0,0,-2,2,1,0.99921,3.13197e-07,-7.87308e-05
13.6601,162.646,0,0,-2,2,1,1.00087,1.82768e-07,-7.87308e-05
13.6801,162.646,0,0,-2,2,1,1.00244,5.92041e-08,-7.87308e-05
13.7001,162.646,0,0,-2,2,1,1.00418,-7.80893e-08,-7.87308e-05
13.7201,163.644,0,0,-2,2,1,1.00575,-2.01653e-07,-7.87308e-05
13.7401,163.644,0,0,-2,2,1,1.00741,-3.32082e-07,-7.87308e-05
13.7603,164.158,0,0,-2,2,1,1.00898,-4.55646e-07,-7.87308e-05
13.7801,164.158,0,0,-2,2,1,1.01055,-5.7921e-07,-7.87308e-05
13.8001,164.158,0,0,-2,2,1,1.01229,-7.16503e-07,-7.87308e-05
13.8201,165.442,0,0,-2,2,1,1.01386,-8.40068e-07,-7.87308e-05
13.8401,165.442,0,0,-2,2,1,1.01552,-9.70496e-07,-7.87308e-05
13.8601,165.442,0,0,-2,2,1,1.01708,-1.09406e-06,-7.87308e-05
13.8801,166.475,0,0,-2,2,1,1.01857,-1.21076e-06,-7.87308e-05
13.9004,166.475,0,0,-2,2,1,1.02022,-1.34119e-06,-7.87308e-05
13.9201,166.475,0,0,-2,2,1,1.02179,-1.46475e-06,-7.87308e-05
13.9401,166.708,0,0,-2,2,1,1.02345,-1.59518e-06,-7.87308e-05
13.9601,166.708,0,0,-2,2,1,1.02511,-1.72561e-06,-7.87308e-05
13.9801,166.708,0,0,-2,2,1,1.02668,-1.84917e-06,-7.87308e-05
14.0001,166.267,0,0,-2,2,1,1.02851,-1.99333e-06,-7.87308e-05
14.0201,166.267,0,0,-2,2,1,1.03008,-2.1169e-06,-7.87308e-05
14.0401,166.423,0,0,-2,2,1,1.03173,-2.24732e-06,-7.87308e-05
14.0605,166.423,0,0,-2,2,1,1.03339,-2.37775e-06,-7.87308e-05
14.0801,166.423,0,0,-2,2,1,1.03496,-2.50132e-06,-7.87308e-05
14.1007,166.574,0,0,-2,2,1,1.0367,-2.63861e-06,-7.87308e-05
14.1203,166.574,0,0,-2,2,1,1.03827,-2.76217e-06,-7.87308e-05
14.1401,166.574,0,0,-2,2,1,1.03993,-2.8926e-06,-7.87308e-05
14.1601,166.344,0,0,-2,2,1,1.04159,-3.02303e-06,-7.87308e-05
14.1801,166.344,0,0,-2,2,1,1.04324,-3.15346e-06,-7.87308e-05
14.2001,166.344,0,0,-2,2,1,1.04499,-3.29075e-06,-7.87308e-05
14.221,165.253,0,0,-2,2,1,1.04638,-3.40059e-06,-7.87308e-05
14.2401,165.253,0,0,-2,2,1,1.04804,-3.53102e-06,-7.87308e-05
14.2601,165.253,0,0,-2,2,1,1.04969,-3.66145e-06,-7.87308e-05
14.2801,162.199,0,0,-2,2,1,1.05126,-3.78501e-06,-7.87308e-05
14.3011,162.199,0,0,-2,2,1,1.05292,-3.91544e-06,-7.87308e-05
14.3201,159.601,0,0,-2,2,1,1.0544,-4.03214e-06,-7.87308e-05
